<?xml version="1.0" encoding="UTF-8"?>
<faces-config
    xmlns="http://java.sun.com/xml/ns/javaee"
    xmlns:xsi="http://www.w3.org/2001/XMLSchema-instance"
    xsi:schemaLocation="http://java.sun.com/xml/ns/javaee 
    http://java.sun.com/xml/ns/javaee/web-facesconfig_2_0.xsd"
    version="2.0">
    
    <navigation-rule>
	<from-view-id>index.xhtml</from-view-id>
	
	<navigation-case>
		<from-action>#{pageController.processPage}</from-action>
		<from-outcome>success</from-outcome>
		<to-view-id>index2.xhtml</to-view-id>
	</navigation-case>
	
	</navigation-rule>
</faces-config>
	